{
  "algorithm": "Random Forest",
  "run_id": "a2cfa8408ea648daa174d062dbd458e8",
  "auc_roc": 0.8388483334934206,
  "accuracy": 0.7821561338289963,
  "f1_score": 0.755930506895616,
  "training_seconds": 11.555,
  "pipeline_stages": 34
}