{
  "algorithm": "Logistic Regression",
  "run_id": "d9af216a93e343499ce97b22ea925426",
  "auc_roc": 0.8458559103210976,
  "accuracy": 0.8052044609665427,
  "f1_score": 0.7935863905891889,
  "training_seconds": 120.75,
  "pipeline_stages": 34
}