{
  "algorithm": "Random Forest",
  "run_id": "56dd3a0252a04a29b5ff4341f6330c9c",
  "auc_roc": 0.8388483334934206,
  "accuracy": 0.7821561338289963,
  "f1_score": 0.755930506895616,
  "training_seconds": 10.488,
  "pipeline_stages": 34
}