{
  "algorithm": "Logistic Regression",
  "run_id": "70565a1c5e894150b1b4627b2884f538",
  "auc_roc": 0.8458559103210976,
  "accuracy": 0.8052044609665427,
  "f1_score": 0.7935863905891889,
  "training_seconds": 112.222,
  "pipeline_stages": 34
}