{
  "algorithm": "Gradient Boosted Trees",
  "run_id": "7a2abfd32b19450cb7eecece4be643f7",
  "auc_roc": 0.8526431319814429,
  "accuracy": 0.8052044609665427,
  "f1_score": 0.7952317852198418,
  "training_seconds": 60.436,
  "pipeline_stages": 34
}