{
  "algorithm": "Gradient Boosted Trees",
  "run_id": "9e7c4013443f445c9d720864729ed632",
  "auc_roc": 0.8526431319814429,
  "accuracy": 0.8052044609665427,
  "f1_score": 0.7952317852198418,
  "training_seconds": 63.534,
  "pipeline_stages": 34
}