{
  "algorithm": "Random Forest",
  "run_id": "ee43ead2ab20402a98488a19c062c3cb",
  "auc_roc": 0.8388483334934206,
  "accuracy": 0.7821561338289963,
  "f1_score": 0.755930506895616,
  "training_seconds": 10.104,
  "pipeline_stages": 34
}