{
  "algorithm": "Random Forest",
  "run_id": "57641b37fc754439a05b627e44ffd2c2",
  "auc_roc": 0.8388483334934206,
  "accuracy": 0.7821561338289963,
  "f1_score": 0.755930506895616,
  "training_seconds": 10.42,
  "pipeline_stages": 34
}