{
  "algorithm": "Gradient Boosted Trees",
  "run_id": "e85dd21378db415497c34dc07d2e2355",
  "auc_roc": 0.8526431319814429,
  "accuracy": 0.8052044609665427,
  "f1_score": 0.7952317852198418,
  "training_seconds": 60.406,
  "pipeline_stages": 34
}