{
  "algorithm": "Logistic Regression",
  "run_id": "ae456ecb7e214c6bbf1ad30824163158",
  "auc_roc": 0.8458559103210976,
  "accuracy": 0.8052044609665427,
  "f1_score": 0.7935863905891889,
  "training_seconds": 55.055,
  "pipeline_stages": 34
}