{
  "algorithm": "Random Forest",
  "run_id": "189e80c305fe4b28a7899895bec6a6ef",
  "auc_roc": 0.8388483334934206,
  "accuracy": 0.7821561338289963,
  "f1_score": 0.755930506895616,
  "training_seconds": 20.133,
  "pipeline_stages": 34
}