{
  "algorithm": "Logistic Regression",
  "run_id": "cb122a69dbc146e593ae8fc5db08c37d",
  "auc_roc": 0.8458559103210976,
  "accuracy": 0.8052044609665427,
  "f1_score": 0.7935863905891889,
  "training_seconds": 52.956,
  "pipeline_stages": 34
}