{
  "algorithm": "Gradient Boosted Trees",
  "run_id": "04306dba4ccd444d9078a6f43523a60f",
  "auc_roc": 0.8526431319814429,
  "accuracy": 0.8052044609665427,
  "f1_score": 0.7952317852198418,
  "training_seconds": 120.646,
  "pipeline_stages": 34
}