{
  "algorithm": "Random Forest",
  "run_id": "4564cc4405f246868f5e885961efe2ba",
  "auc_roc": 0.8388483334934206,
  "accuracy": 0.7821561338289963,
  "f1_score": 0.755930506895616,
  "training_seconds": 18.635,
  "pipeline_stages": 34
}